timestamp,f1_hz,f2_hz,f3_hz,f4_hz,confidence_f1,confidence_f2,confidence_f3,confidence_f4
2026-09-29T12:00:00Z,5.95,null,null,null,low,null,null,null
2026-09-29T12:00:00Z,null,null,null,null,null,null,null,null
2026-09-29T12:00:00Z,null,null,null,null,null,null,null,null
2026-09-29T12:00:00Z,null,null,null,null,null,null,null,null
2026-09-29T12:00:00Z,null,null,null,null,null,null,null,null
2026-09-29T12:00:00Z,5.22,null,null,null,low,null,null,null
2026-09-29T12:00:00Z,6.20,null,null,null,low,null,null,null
2026-09-29T12:00:00Z,6.17,null,null,null,low,null,null,null
2026-09-29T12:00:00Z,6.30,null,null,null,low,null,null,null
2026-09-29T12:00:00Z,6.15,null,null,null,low,null,null,null
2026-09-29T12:00:00Z,6.42,null,null,null,low,null,null,null
2026-09-29T12:00:00Z,6.83,null,null,null,low,null,null,null
2026-09-29T12:00:00Z,6.67,null,null,null,low,null,null,null
2026-09-29T12:00:00Z,6.53,null,null,null,low,null,null,null
2026-09-29T12:00:00Z,6.92,null,null,null,low,null,null,null
2026-09-29T12:00:00Z,6.45,null,null,null,low,null,null,null
2026-09-29T12:00:00Z,6.60,null,null,null,low,null,null,null
2026-09-29T12:00:00Z,5.85,null,null,null,low,null,null,null
2026-09-29T12:00:00Z,6.40,null,null,null,low,null,null,null
2026-09-29T12:00:00Z,5.85,null,null,null,low,null,null,null
2026-09-29T12:00:00Z,5.57,null,null,null,low,null,null,null
2026-09-29T12:00:00Z,6.17,null,null,null,low,null,null,null
2026-09-29T12:00:00Z,5.15,null,null,null,low,null,null,null
2026-09-29T12:00:00Z,5.28,null,null,null,low,null,null,null
2026-09-29T12:00:00Z,6.00,null,null,null,low,null,null,null
2026-09-29T12:00:00Z,6.07,null,null,null,low,null,null,null
2026-09-29T12:00:00Z,6.53,null,null,null,low,null,null,null
2026-09-29T12:00:00Z,6.15,null,null,null,low,null,null,null
2026-09-29T12:00:00Z,6.28,null,null,null,low,null,null,null
2026-09-29T12:00:00Z,5.75,null,null,null,low,null,null,null
2026-09-29T12:00:00Z,6.60,null,null,null,low,null,null,null
2026-09-29T12:00:00Z,6.15,null,null,null,low,null,null,null
2026-09-29T12:00:00Z,6.32,null,null,null,low,null,null,null
2026-09-29T12:00:00Z,5.42,null,null,null,low,null,null,null
2026-09-29T12:00:00Z,5.90,null,null,null,low,null,null,null
2026-09-29T12:00:00Z,5.92,null,null,null,low,null,null,null
2026-09-29T12:00:00Z,4.47,null,null,null,low,null,null,null
2026-09-29T12:00:00Z,6.17,null,null,null,low,null,null,null
2026-09-29T12:00:00Z,6.95,null,null,null,low,null,null,null
2026-09-29T12:00:00Z,4.82,null,null,null,low,null,null,null
2026-09-29T12:00:00Z,5.25,null,null,null,low,null,null,null
2026-09-29T12:00:00Z,6.10,null,null,null,low,null,null,null
2026-09-29T12:00:00Z,5.72,null,null,null,low,null,null,null
2026-09-29T12:00:00Z,5.78,null,null,null,low,null,null,null
2026-09-29T12:00:00Z,5.57,null,null,null,low,null,null,null
2026-09-29T12:00:00Z,5.17,null,null,null,low,null,null,null
2026-09-29T12:00:00Z,5.22,null,null,null,low,null,null,null
2026-09-29T12:00:00Z,5.30,null,null,null,low,null,null,null
2026-09-29T12:00:00Z,4.60,null,null,null,low,null,null,null
2026-09-29T12:00:00Z,4.80,null,null,null,low,null,null,null
2026-09-29T12:00:00Z,4.85,null,null,null,low,null,null,null
2026-09-29T12:00:00Z,5.17,null,null,null,low,null,null,null
2026-09-29T12:00:00Z,4.82,null,null,null,low,null,null,null
2026-09-29T12:00:00Z,4.33,null,null,null,low,null,null,null
2026-09-29T12:00:00Z,4.30,null,null,null,low,null,null,null
2026-09-29T12:00:00Z,5.80,null,null,null,low,null,null,null
2026-09-29T12:00:00Z,5.53,null,null,null,low,null,null,null
2026-09-29T12:00:00Z,6.20,null,null,null,low,null,null,null
2026-09-29T12:00:00Z,6.00,null,null,null,low,null,null,null
2026-09-29T12:00:00Z,6.15,null,null,null,low,null,null,null
2026-09-29T12:00:00Z,6.45,null,null,null,low,null,null,null
2026-09-29T12:00:00Z,6.28,null,null,null,low,null,null,null
2026-09-29T12:00:00Z,6.03,null,null,null,low,null,null,null
2026-09-29T12:00:00Z,6.85,null,null,null,low,null,null,null
2026-09-29T12:00:00Z,6.97,null,null,null,low,null,null,null
2026-09-29T12:00:00Z,6.22,null,null,null,low,null,null,null
2026-09-29T12:00:00Z,5.95,null,null,null,low,null,null,null
2026-09-29T12:00:00Z,5.95,null,null,null,low,null,null,null
2026-09-29T12:00:00Z,5.97,null,null,null,low,null,null,null
2026-09-29T12:00:00Z,6.22,null,null,null,low,null,null,null
2026-09-29T12:00:00Z,6.15,null,null,null,low,null,null,null
2026-09-29T12:00:00Z,5.80,null,null,null,low,null,null,null
2026-09-29T12:00:00Z,6.28,null,null,null,low,null,null,null
2026-09-29T12:00:00Z,6.15,null,null,null,low,null,null,null
2026-09-29T12:00:00Z,5.53,null,null,null,low,null,null,null
2026-09-29T12:00:00Z,5.88,null,null,null,low,null,null,null
2026-09-29T12:00:00Z,5.30,null,null,null,low,null,null,null
2026-09-29T12:00:00Z,5.55,null,null,null,low,null,null,null
2026-09-29T12:00:00Z,5.38,null,null,null,low,null,null,null
2026-09-29T12:00:00Z,6.35,null,null,null,low,null,null,null
2026-09-29T12:00:00Z,6.03,null,null,null,low,null,null,null
2026-09-29T12:00:00Z,5.60,null,null,null,low,null,null,null
2026-09-29T12:00:00Z,5.17,null,null,null,low,null,null,null
2026-09-29T12:00:00Z,4.50,null,null,null,low,null,null,null
2026-09-29T12:00:00Z,5.60,null,null,null,low,null,null,null
2026-09-29T12:00:00Z,5.17,null,null,null,low,null,null,null
2026-09-29T12:00:00Z,5.17,null,null,null,low,null,null,null
2026-09-29T12:00:00Z,4.67,null,null,null,low,null,null,null
2026-09-29T12:00:00Z,3.83,null,null,null,low,null,null,null
2026-09-29T12:00:00Z,4.10,null,null,null,low,null,null,null
2026-09-29T12:00:00Z,3.50,null,null,null,low,null,null,null
2026-09-29T12:00:00Z,4.12,null,null,null,low,null,null,null
2026-09-29T12:00:00Z,3.83,null,null,null,low,null,null,null
2026-09-29T12:00:00Z,4.80,null,null,null,low,null,null,null
2026-09-29T12:00:00Z,5.25,null,null,null,low,null,null,null
2026-09-29T12:00:00Z,4.15,null,null,null,low,null,null,null
2026-09-29T12:00:00Z,6.05,null,null,null,low,null,null,null
2026-09-29T12:00:00Z,4.67,null,null,null,low,null,null,null
2026-09-29T12:00:00Z,5.42,null,null,null,low,null,null,null
2026-09-29T12:00:00Z,4.38,null,null,null,low,null,null,null
2026-09-29T12:00:00Z,6.45,null,null,null,low,null,null,null
2026-09-29T12:00:00Z,5.85,null,null,null,low,null,null,null
2026-09-29T12:00:00Z,5.65,null,null,null,low,null,null,null
2026-09-29T12:00:00Z,6.67,null,null,null,low,null,null,null
2026-09-29T12:00:00Z,5.97,null,null,null,low,null,null,null
2026-09-29T12:00:00Z,6.22,null,null,null,low,null,null,null
2026-09-29T12:00:00Z,6.15,null,null,null,low,null,null,null
2026-09-29T12:00:00Z,5.97,null,null,null,low,null,null,null
2026-09-29T12:00:00Z,5.70,null,null,null,low,null,null,null
2026-09-29T12:00:00Z,5.92,null,null,null,low,null,null,null
2026-09-29T12:00:00Z,5.55,null,null,null,low,null,null,null
2026-09-29T12:00:00Z,5.42,null,null,null,low,null,null,null
2026-09-29T12:00:00Z,5.90,null,null,null,low,null,null,null
2026-09-29T12:00:00Z,5.85,null,null,null,low,null,null,null
2026-09-29T12:00:00Z,5.80,null,null,null,low,null,null,null
2026-09-29T12:00:00Z,5.53,null,null,null,low,null,null,null
2026-09-29T12:00:00Z,5.80,null,null,null,low,null,null,null
2026-09-29T12:00:00Z,6.28,null,null,null,low,null,null,null
2026-09-29T12:00:00Z,6.53,null,null,null,low,null,null,null
2026-09-29T12:00:00Z,6.32,null,null,null,low,null,null,null
2026-09-29T12:00:00Z,7.08,null,null,null,low,null,null,null
2026-09-29T12:00:00Z,6.62,null,null,null,low,null,null,null
2026-09-29T12:00:00Z,6.38,null,null,null,low,null,null,null
2026-09-29T12:00:00Z,6.45,null,null,null,low,null,null,null
2026-09-29T12:00:00Z,6.67,null,null,null,low,null,null,null
2026-09-29T12:00:00Z,6.92,null,null,null,low,null,null,null
2026-09-29T12:00:00Z,6.78,null,null,null,low,null,null,null
2026-09-29T12:00:00Z,6.65,null,null,null,low,null,null,null
2026-09-29T12:00:00Z,7.17,null,null,null,low,null,null,null
2026-09-29T12:00:00Z,7.08,null,null,null,low,null,null,null
2026-09-29T12:00:00Z,6.67,null,null,null,low,null,null,null
2026-09-29T12:00:00Z,6.72,null,null,null,low,null,null,null
2026-09-29T12:00:00Z,6.42,null,null,null,low,null,null,null
2026-09-29T12:00:00Z,6.20,null,null,null,low,null,null,null
2026-09-29T12:00:00Z,5.85,null,null,null,low,null,null,null
2026-09-29T12:00:00Z,6.30,null,null,null,low,null,null,null
2026-09-29T12:00:00Z,6.70,null,null,null,low,null,null,null
2026-09-29T12:00:00Z,6.67,null,null,null,low,null,null,null
2026-09-29T12:00:00Z,5.70,null,null,null,low,null,null,null
2026-09-29T12:00:00Z,6.58,null,null,null,low,null,null,null
2026-09-29T12:00:00Z,6.67,null,null,null,low,null,null,null
2026-09-29T12:00:00Z,5.97,null,null,null,low,null,null,null
2026-09-29T12:00:00Z,6.03,null,null,null,low,null,null,null
2026-09-29T12:00:00Z,6.70,null,null,null,low,null,null,null
2026-09-29T12:00:00Z,6.28,null,null,null,low,null,null,null
2026-09-29T12:00:00Z,6.38,null,null,null,low,null,null,null
2026-09-29T12:00:00Z,6.17,null,null,null,low,null,null,null
2026-09-29T12:00:00Z,6.12,null,null,null,low,null,null,null
2026-09-29T12:00:00Z,6.47,null,null,null,low,null,null,null
2026-09-29T12:00:00Z,6.83,null,null,null,low,null,null,null
2026-09-29T12:00:00Z,6.60,null,null,null,low,null,null,null
2026-09-29T12:00:00Z,5.80,null,null,null,low,null,null,null
2026-09-29T12:00:00Z,5.88,null,null,null,low,null,null,null
2026-09-29T12:00:00Z,6.35,null,null,null,low,null,null,null
2026-09-29T12:00:00Z,6.40,null,null,null,low,null,null,null
2026-09-29T12:00:00Z,5.97,null,null,null,low,null,null,null
2026-09-29T12:00:00Z,6.90,null,null,null,low,null,null,null
2026-09-29T12:00:00Z,6.55,null,null,null,low,null,null,null
2026-09-29T12:00:00Z,6.55,null,null,null,low,null,null,null
2026-09-29T12:00:00Z,6.47,null,null,null,low,null,null,null
2026-09-29T12:00:00Z,6.40,null,null,null,low,null,null,null
2026-09-29T12:00:00Z,6.05,null,null,null,low,null,null,null
2026-09-29T12:00:00Z,6.15,null,null,null,low,null,null,null
2026-09-29T12:00:00Z,6.42,null,null,null,low,null,null,null
2026-09-29T12:00:00Z,6.40,null,null,null,low,null,null,null
2026-09-29T12:00:00Z,6.25,null,null,null,low,null,null,null
2026-09-29T12:00:00Z,6.12,null,null,null,low,null,null,null
2026-09-29T12:00:00Z,5.80,null,null,null,low,null,null,null
2026-09-29T12:00:00Z,6.05,null,null,null,low,null,null,null
2026-09-29T12:00:00Z,5.80,null,null,null,low,null,null,null
2026-09-29T12:00:00Z,5.85,null,null,null,low,null,null,null
2026-09-29T12:00:00Z,6.03,null,null,null,low,null,null,null
2026-09-29T12:00:00Z,7.85,null,null,null,low,null,null,null
2026-09-29T12:00:00Z,7.65,null,null,null,low,null,null,null
2026-09-29T12:00:00Z,8.07,null,null,null,low,null,null,null
2026-09-29T12:00:00Z,6.58,null,null,null,low,null,null,null
2026-09-29T12:00:00Z,6.40,null,null,null,low,null,null,null
2026-09-29T12:00:00Z,6.40,null,null,null,low,null,null,null
2026-09-29T12:00:00Z,5.60,null,null,null,low,null,null,null
2026-09-29T12:00:00Z,6.40,null,null,null,low,null,null,null
