timestamp,f1_hz,f2_hz,f3_hz,confidence_f1,confidence_f2,confidence_f3,score_f1,score_f2,score_f3
2026-09-26T19:50:19.875998,null,null,20.0,low,low,medium,3.1,5.1,11.0
2026-09-26T20:49:01.615129,7.7,null,null,medium,low,low,11.0,3.8,7.5
2026-09-26T21:47:43.354259,8.1,null,null,medium,low,low,13.1,5.8,7.4
2026-09-26T22:46:25.093390,null,13.7,null,low,medium,low,7.9,10.2,7.7
2026-09-26T23:45:06.832520,8.0,null,null,medium,low,low,10.5,5.6,6.6
2026-09-27T00:43:48.571650,null,null,null,low,low,low,6.0,5.2,7.7
2026-09-27T01:42:30.310781,null,13.1,20.0,low,medium,medium,5.7,10.5,10.1
2026-09-27T02:41:12.049911,null,null,null,low,low,low,4.6,7.4,5.0
2026-09-27T03:39:53.789042,null,null,null,low,low,low,3.0,7.6,6.1
2026-09-27T04:38:35.528172,7.8,null,null,medium,low,low,14.1,8.2,8.5
2026-09-27T05:37:17.267303,null,null,20.0,low,low,medium,9.3,9.8,11.6
2026-09-27T06:35:59.006433,null,15.0,null,low,medium,low,8.0,14.7,5.3
2026-09-27T07:34:40.745563,null,14.8,null,low,medium,low,7.0,13.8,5.1
2026-09-27T08:33:22.484694,7.8,null,null,medium,low,low,12.3,7.2,5.8
2026-09-27T09:32:04.223824,8.2,15.3,null,medium,medium,low,10.7,10.6,6.8
2026-09-27T10:30:45.962955,null,null,null,low,low,low,9.7,6.0,8.6
2026-09-27T11:29:27.702085,null,null,null,low,low,low,6.9,9.8,8.5
2026-09-27T12:28:09.441216,null,null,null,low,low,low,10.0,6.2,6.5
2026-09-27T13:26:51.180346,null,null,null,low,low,low,6.7,5.9,4.6
2026-09-27T14:25:32.919476,7.7,14.2,null,medium,medium,low,16.8,12.2,7.8
2026-09-27T15:24:14.658607,null,null,null,low,low,low,5.0,6.3,5.6
2026-09-27T16:22:56.397737,null,null,null,low,low,low,5.1,7.6,5.5
2026-09-27T17:21:38.136868,7.8,null,null,medium,low,low,16.2,7.3,5.5
2026-09-27T18:20:19.875998,null,null,null,low,low,low,8.9,6.4,6.2
2026-09-27T19:19:01.615129,null,null,null,low,low,low,7.4,7.2,5.8
2026-09-27T20:17:43.354259,null,null,null,low,low,low,5.9,5.5,5.2
2026-09-27T21:16:25.093390,8.0,null,null,medium,low,low,11.9,6.6,3.8
2026-09-27T22:15:06.832520,8.3,null,null,medium,low,low,10.8,6.2,7.8
2026-09-27T23:13:48.571650,8.2,null,null,medium,low,low,10.1,8.2,4.9
2026-09-28T00:12:30.310781,null,null,null,low,low,low,4.9,5.6,7.5
2026-09-28T01:11:12.049911,8.3,null,null,medium,low,low,13.7,5.7,8.7
2026-09-28T02:09:53.789042,7.7,null,null,medium,low,low,10.2,3.7,9.2
2026-09-28T03:08:35.528172,null,null,null,low,low,low,5.9,5.9,6.5
2026-09-28T04:07:17.267303,null,null,null,low,low,low,7.2,6.9,5.0
2026-09-28T05:05:59.006433,null,null,null,low,low,low,4.7,4.3,6.2
2026-09-28T06:04:40.745563,null,13.9,null,low,medium,low,5.1,13.6,8.9
2026-09-28T07:03:22.484694,7.4,null,20.0,medium,low,medium,10.8,9.1,13.8
2026-09-28T08:02:04.223824,8.5,14.3,19.5,medium,medium,medium,10.9,14.8,11.9
2026-09-28T09:00:45.962955,8.0,14.4,19.0,medium,medium,medium,15.5,13.1,10.1
2026-09-28T09:59:27.702085,null,null,null,low,low,low,7.0,7.9,7.5
2026-09-28T10:58:09.441216,null,null,null,low,low,low,8.8,6.0,7.9
2026-09-28T11:56:51.180346,null,null,null,low,low,low,4.8,3.2,5.8
2026-09-28T12:55:32.919476,null,null,null,low,low,low,7.0,2.7,7.0
2026-09-28T13:54:14.658607,null,null,null,low,low,low,8.9,4.8,8.3
2026-09-28T14:52:56.397737,8.0,null,null,medium,low,low,10.3,8.8,5.8
2026-09-28T15:51:38.136868,null,null,null,low,low,low,9.2,5.5,9.9
2026-09-28T16:50:19.875998,null,null,null,low,low,low,8.7,7.4,5.9
2026-09-28T17:49:01.615129,null,null,null,low,low,low,9.5,9.1,6.8
2026-09-28T18:47:43.354259,8.7,15.2,20.0,medium,medium,medium,13.5,10.6,11.3
2026-09-28T19:46:25.093390,null,null,null,low,low,low,9.9,6.6,5.3
2026-09-28T20:45:06.832520,null,null,null,low,low,low,5.8,5.0,3.3
2026-09-28T21:43:48.571650,null,null,null,low,low,low,0.0,0.0,0.0
2026-09-28T22:42:30.310781,null,null,null,low,low,low,0.0,0.0,0.0
2026-09-28T23:41:12.049911,null,null,null,low,low,low,0.0,0.0,0.0
2026-09-29T00:39:53.789042,null,null,null,low,low,low,0.0,0.0,0.0
2026-09-29T01:38:35.528172,null,null,null,low,low,low,0.0,0.0,0.0
2026-09-29T02:37:17.267303,null,null,null,low,low,low,0.0,0.0,0.0
2026-09-29T03:35:59.006433,null,null,null,low,low,low,0.0,0.0,0.0
2026-09-29T04:34:40.745563,null,null,null,low,low,low,0.0,0.0,0.0
2026-09-29T05:33:22.484694,null,null,null,low,low,low,0.0,0.0,0.0
2026-09-29T06:32:04.223824,null,null,null,low,low,low,0.0,0.0,0.0
2026-09-29T07:30:45.962955,null,null,null,low,low,low,0.0,0.0,0.0
2026-09-29T08:29:27.702085,null,null,null,low,low,low,0.0,0.0,0.0
2026-09-29T09:28:09.441216,null,null,null,low,low,low,0.0,0.0,0.0
2026-09-29T10:26:51.180346,null,null,null,low,low,low,0.0,0.0,0.0
2026-09-29T11:25:32.919476,null,null,null,low,low,low,0.0,0.0,0.0
2026-09-29T12:24:14.658607,null,null,null,low,low,low,0.0,0.0,0.0
2026-09-29T13:22:56.397737,null,null,null,low,low,low,0.0,0.0,0.0
2026-09-29T14:21:38.136868,null,null,null,low,low,low,0.0,0.0,0.0
2026-09-29T15:20:19.875998,null,null,null,low,low,low,0.0,0.0,0.0
2026-09-29T16:19:01.615129,null,null,null,low,low,low,0.0,0.0,0.0
2026-09-29T17:17:43.354259,null,null,null,low,low,low,1.3,0.0,0.0
2026-09-29T18:16:25.093390,8.5,null,null,high,low,low,126.3,0.6,0.9
